college_name,highest_package_lpa,average_package_lpa,median_package_lpa,placement_percentage,placement_year,top_recruiters,confidence_score,sources
"Government College of Engineering, Amravati",70.0,50.0,50.0,100.0,2025,"TCS, Infosys, Wipro, Cognizant, Accenture, Capgemini, IBM, Amazon, Microsoft, Google, Tech Mahindra, L&T, Reliance, HCL",80,"https://www.careers360.com/colleges/government-college-of-engineering-amravati/placement, https://www.collegesearch.in/colleges/government-college-of-engineering-amravati/placements"
"Sant Gadge Baba Amravati University,Amravati",60.0,8.0,27.25,50.0,2025,"TCS, Infosys, Wipro, Cognizant, Accenture, Capgemini, Amazon, Microsoft, Tech Mahindra",80,"https://www.collegedekho.com/colleges/sant-gadge-baba-amravati-university-amravati-placement, https://www.careers360.com/university/sant-gadge-baba-amravati-university-amravati/placement"
"Government College of Engineering,Yavatmal",7.25,7.25,,,2023,"TCS, Accenture",95,"https://collegedunia.com/college/63072-government-college-of-engineering-yavatmal/placement, https://gcoey.ac.in/?page=NDAx&name=Placement+Report"
"Shri Sant Gajanan Maharaj College of Engineering,Shegaon",120.0,12.0,50.0,100.0,2025,"TCS, Infosys, Wipro, Cognizant, Accenture, Capgemini, IBM, Amazon, Microsoft, Google, Tech Mahindra, L&T",80,"https://en.wikipedia.org/wiki/Shri_Sant_Gajanan_Maharaj_College_of_Engineering, https://collegedunia.com/college/15260-shri-sant-gajanan-maharaj-college-of-engineering-ssgmce-shegaon/placement"
"Prof. Ram Meghe Institute of Technology & Research, Amravati",120.0,20.0,50.0,100.0,2025,"TCS, Infosys, Wipro, Cognizant, Accenture, Capgemini, IBM, Amazon, Microsoft, Google, Tech Mahindra",80,"https://collegedunia.com/college/14742-prof-ram-meghe-institute-of-technology-and-research-prmitr-amravati/placement, https://www.careers360.com/colleges/prof-ram-meghe-institute-of-technology-and-research-badnera/placement"
"P. R. Pote Patil College of Engineering & Management, Amravati",11.5,4.71,5.75,,2025,"TCS, Infosys, Wipro, Cognizant, Accenture, Capgemini, IBM, Amazon, Microsoft, Tech Mahindra, L&T, Reliance, HCL",80,"https://collegedunia.com/college/45511-p-r-pote-patil-college-of-engineering-and-management-prpcem-amravati/placement, https://www.collegebatch.com/2880-p-r-pote-patil-college-of-engineering-and-management-placements-amravati"
"Sipna Shikshan Prasarak Mandal College of Engineering & Technology, Amravati",10.0,6.0,5.9,,2024,"TCS, Infosys, Wipro, Capgemini, IBM, Amazon, Tech Mahindra, L&T, Reliance",80,"https://www.collegedekho.com/colleges/sipna-college, https://collegedunia.com/college/15147-sipnas-college-of-engineering-and-technology-amravati/placement"
"Shri Shivaji Education Society's College of Engineering and Technology, Akola",6.0,6.0,,,2024,"TCS, Infosys, Wipro, Capgemini, Tech Mahindra, Reliance, HCL",60,https://collegedunia.com/college/14858-shri-shivaji-education-societys-college-of-engineering-and-technology-sse-akola/placement
"Janata Shikshan Prasarak Mandal’s Babasaheb Naik College Of Engineering, Pusad",6.0,6.0,2.4,,2025,,60,https://www.collegedekho.com/colleges/babasaheb-naik-college-of-engineering-pusad-placement
ANURADHA COLLEGE OF ENGINEERING & TECHNOLOGY,60.0,50.0,,95.0,2025,"TCS, Infosys, Wipro, Cognizant, Accenture, Capgemini, IBM, Amazon, Microsoft, Google, Tech Mahindra, HCL",80,"https://collegehai.com/colleges/anuradha-engineering-college/college-info, https://collegedunia.com/college/58783-anuradha-engineering-college-aec-chikhli/placement"
"Jawaharlal Darda Institute of Engineering and Technology, Yavatmal",120.0,20.0,60.0,100.0,2025,"TCS, Infosys, Wipro, Cognizant, IBM, Tech Mahindra, Reliance, HCL",80,"https://www.collegesearch.in/colleges/jawaharlal-darda-institute-of-engineering-technology-yavatmal/placements, https://www.careers360.com/colleges/jawaharlal-darda-institute-of-engineering-and-technology-yavatmal/placement"
"Shri Hanuman Vyayam Prasarak Mandals College of Engineering & Technology, Amravati",120.0,50.0,50.0,100.0,2025,"TCS, Cognizant, IBM, Amazon, Microsoft, Google, Tech Mahindra",60,https://www.careers360.com/colleges/hanuman-vyayam-prasarak-mandals-college-of-engineering-and-technology-amravati/placement
"Dr.Rajendra Gode Institute of Technology & Research, Amravati",120.0,50.0,50.0,100.0,2025,"TCS, Wipro, Cognizant, Amazon, Microsoft, Google, L&T, HCL",80,"https://collegedunia.com/college/13796-dr-rajendra-gode-institute-of-technology-and-research-drgitr-amravati/placement, https://www.careers360.com/colleges/dr-rajendra-gode-institute-of-technology-and-research-amravati/placement"
"Takshashila Institute of Engineering & Technology, Darapur, Amravati",120.0,6.0,,100.0,2025,"TCS, Infosys, Wipro, Accenture, IBM, Amazon, Microsoft, Google, L&T, Oracle",80,"https://www.collegedekho.com/colleges/takshshila-institute-of-engineering-technology-placement, https://www.careers360.com/colleges/takshashila-institute-of-engineering-and-technology-amravati"
"Jagadambha Bahuuddeshiya Gramin Vikas Sanstha's Jagdambha College of Engineering and Technology, Yavatmal",3.8,1.05,,,2025,"TCS, Oracle",60,https://collegedunia.com/college/28960-jagadambha-college-of-engineering-and-technology-jcet-yavatmal
"Prof Ram Meghe College of Engineering and Management, Badnera",7.5,5.0,,65.0,2025,"TCS, Infosys, Wipro, Capgemini",80,"https://www.getmyuni.com/college/jawaharlal-darda-institute-of-engineering-and-technology-jdiet-yavatmal, https://www.getmyuni.com/college/prof-ram-meghe-college-of-engineering-and-management-prmcem-amravati"
"Vision Buldhana Educational & Welfare Society's Pankaj Laddhad Institute of Technology & Management Studies, Yelgaon",350.0,8.0,3.0,100.0,2025,"TCS, Infosys, Wipro, Cognizant, Accenture, Capgemini, Tech Mahindra, Reliance",80,"https://engineering.careers360.com/articles/mht-cet-participating-institutes, https://www.collegesimplified.in/post/pankaj-laddhad-institute-of-technology-management-studies"
"Sanmati Engineering College, Sawargaon Barde, Washim",57.0,57.0,,,,,80,"https://www.vidyavision.com/college/sanmati-engineering-college/placements, https://collegedunia.com/college/14926-sanmati-engineering-college-sec-washim/placement"
"Padmashri Dr. V.B. Kolte College of Engineering, Malkapur, Buldhana",120.0,10.0,50.0,100.0,2025,"TCS, Infosys, Accenture, Amazon, Microsoft, Google",80,"https://www.collegedekho.com/colleges/drvbkolte-college-of-engineering-placement, https://www.careers360.com/colleges/padmashri-dr-vb-kolte-college-of-engineering-malkapur/placement"
"Mauli Group of Institutions, College of Engineering and Technology, Shegaon.",10.0,10.0,,,2025,"TCS, Infosys, Wipro, Cognizant, Capgemini",80,"https://www.collegesimplified.in/post/mauli-group-of-institutions-college-of-engineering-and-technology-mgi-coet, https://mcoet.mauligroup.org/"
"Siddhivinayak Technical Campus, School of Engineering & Research Technology, Shirasgon, Nile",130.0,3.5,,100.0,2025,"TCS, Infosys, Wipro, Capgemini, IBM, Tech Mahindra, L&T, HCL",80,"https://www.collegesimplified.in/post/stcses, https://engineering.careers360.com/articles/mht-cet-participating-institutes"
"Manav School of Engineering & Technology, Gut No. 1035 Nagpur Surat Highway, NH No. 6 Tal.Vyala, Balapur, Akola, 444302",4.2,,,,2025,,80,"https://engineering.mkct.org.in/, https://collegedunia.com/college/58785-manav-school-of-engineering-and-technology-mset-akola"
"Government College of Engineering, Chhatrapati Sambhajinagar",18.0,6.0,,90.0,2025,"TCS, Infosys, Wipro, Cognizant, Accenture, Capgemini, IBM, Tech Mahindra, L&T, Reliance",80,"https://en.wikipedia.org/wiki/Government_College_of_Engineering,_Chhatrapati_Sambhajinagar, https://collegedunia.com/college/13588-government-college-of-engineering-geca-aurangabad/placement"
"PURANMAL LAHOTI GOVERNMENT INSTITUTE OF ENGINEERING AND TECHNOLOGY, LATUR",130.0,12.0,8.0,100.0,2025,"TCS, Infosys, Wipro, Accenture, IBM, Amazon, Microsoft, Google, L&T, Reliance",80,"https://www.collegedekho.com/engineering/govt-colleges-in-maharashtra/, https://www.collegesimplified.in/college-details/puranmal-lahoti-government-polytechnic-latur"
"Shri Guru Gobind Singhji Institute of Engineering and Technology, Nanded",56.0,4.9,,,2025,"TCS, Infosys, IBM, Microsoft, L&T",80,"https://www.targetadmission.com/colleges/4282-guru-gobind-singhji-institute-of-engineering-and-technology-nanded, https://en.wikipedia.org/wiki/Shri_Guru_Gobind_Singhji_Institute_of_Engineering_and_Technology"
"University Department of Chemical Technology, Aurangabad",20.0,20.0,5.8,,2025,,80,"https://www.collegesearch.in/colleges/department-of-chemical-technology-dr-babasaheb-ambedkar-marathwada-university-aurangabad/placements, https://www.vidyavision.com/college/department-of-chemical-technology/placements"
"Institute of Chemical Technology, Mumbai Marathwada off campus, Jalna",58.0,9.0,,,2025,"TCS, Infosys, Wipro, Cognizant, Accenture, Capgemini, Amazon, Microsoft, Google, L&T, Oracle",80,"https://www.searchurcollege.com/blog/top-engineering-colleges-in-mumbai/, https://mycollegebuddy.com/mba/pune-colleges"
"Everest Education Society, Group of Institutions (Integrated Campus), Ohar",50.0,,,,2024,,80,"https://collegedunia.com/college/28618-everest-education-society-group-of-institutions-college-of-engineering-and-technology-aurangabad, https://www.eescoet.org/"
"Shree Yash Pratishthan, Shreeyash College of Engineering and Technology, Aurangabad",25.0,6.0,,,2025,"TCS, Infosys, Wipro, Google",80,"https://www.collegedekho.com/articles/list-of-colleges-expected-for-65000-rank-in-mht-cet/, https://www.collegedekho.com/articles/colleges-accepting-60-70-percentile-in-mah-mba-cet/"
"G. S. Mandal's Maharashtra Institute of Technology, Aurangabad",130.0,50.0,80.0,100.0,2025,"TCS, Infosys, Wipro, Cognizant, Accenture, Capgemini, IBM, Amazon, Microsoft, Google, Tech Mahindra, L&T, HCL",80,"https://www.collegesearch.in/colleges/gs-mandals-maharashtra-institute-of-technology-aurangabad/placements, https://collegedunia.com/college/13512-gs-mandals-marathwada-institute-of-technology-mit-aurangabad"
"Deogiri Institute of Engineering and Management Studies, Aurangabad",12.0,12.0,12.0,80.0,2025,"TCS, Infosys, Wipro, Cognizant, Capgemini, IBM, Amazon, Tech Mahindra, Reliance",60,https://collegedunia.com/college/13330-deogiri-institute-of-engineering-and-management-studies-diems-aurangabad/placement
"Mahatma Gandhi Missions College of Engineering, Hingoli Rd, Nanded.",6.0,3.5,3.5,,2025,"TCS, Infosys, Wipro, Cognizant, Capgemini, IBM, Tech Mahindra, L&T, Cisco, Oracle",60,https://collegedunia.com/college/14220-mahatma-gandhi-missions-college-of-engineering-nanded/placement
"M.S. Bidve Engineering College, Latur",20.0,20.0,,,2025,"TCS, Infosys, Wipro, Accenture",80,"https://www.collegesearch.in/colleges/ms-bidve-engineering-college-latur/placements, https://www.collegedekho.com/colleges/ms-bidve-engineering-college-latur-placement"
"Terna Public Charitable Trust's College of Engineering, Osmanabad",5.0,5.0,4.46,100.0,2025,"TCS, Infosys, Wipro, Capgemini, IBM, Tech Mahindra, Reliance, HCL, Cisco",80,"https://www.collegedekho.com/colleges/terna-college-placement, https://www.collegebatch.com/4365-college-of-engineering-placements-osmanabad"
"Shree Tuljabhavani College of Engineering, Tuljapur",8.2,8.2,3.8,,2025,,80,"https://www.careers360.com/colleges/tuljabhavani-mahavidyalaya-tuljapur/placement, https://www.vidyavision.com/college/shree-tuljabhavani-college-of-engineering"
"Mahatma Basaweshwar Education Society's College of Engineering, Ambejogai",12.0,12.0,3.5,,2025,"TCS, Infosys, Wipro",80,"https://www.collegesimplified.in/college-details/mahatma-basaveshwar-education-societys-college-of-engineering-ambajogai-beed, https://www.collegedekho.com/colleges/college-of-engineering-ambajogai-placement"
"Peoples Education Society's College of Engineering, Aurangabad",6.0,3.5,,,2025,"TCS, Infosys, Wipro, Accenture, Capgemini, HCL",80,"https://en.wikipedia.org/wiki/Peoples_education_society_college_of_engineering, https://collegedunia.com/college/14553-pes-college-of-engineering-pescoe-aurangabad/placement"
"Hi-Tech Institute of Technology, Aurangabad",120.0,22.0,60.0,100.0,2025,"TCS, Infosys, Wipro, Capgemini",80,"https://collegedunia.com/college/13713-hitech-institute-of-technology-hit-aurangabad/placement, https://www.careers360.com/colleges/hi-tech-institute-of-technology-aurangabad/placement"
"Aditya Engineering College , Beed",40.0,12.0,12.0,70.0,2025,"TCS, Infosys, Wipro, Cognizant, Accenture, Capgemini, IBM, Amazon, Tech Mahindra",80,"https://zollege.in/college/172053-aditya-engineering-college-aec-beed/placement, https://collegedunia.com/college/12732-aditya-engineering-college-aec-beed/placement"
"Nagnathappa Halge Engineering College, Parli, Beed",7.2,7.2,3.2,,2025,"TCS, Infosys, HCL",80,"https://www.collegedekho.com/colleges/swami-vivekanand-college-of-engineering-indore-placement, https://collegedunia.com/college/14410-nagnathappa-halge-engineering-college-nhce-beed/placement"
"Matsyodari Shikshan Sansatha's College of Engineering and Technology, Jalna",120.0,3.0,3.0,100.0,2025,"Amazon, Microsoft, Google",80,"https://www.careers360.com/colleges/matsyodari-shikshan-sansthas-college-of-engineering-and-technology-jalna/placement, https://www.collegedekho.com/colleges/msscet-jalna-placement"
"Adarsh Shikshan Prasarak Mandal's K. T. Patil College of Engineering and Technology, Osmanabad",130.0,,,100.0,2025,"Amazon, Microsoft, Google",80,"https://www.careers360.com/colleges/adarsh-shikshan-prasarak-mandals-kt-patil-college-of-engineering-and-technology-osmanabad?gallery=true, https://www.vidyavision.com/college/k-t-patil-college-of-engineeging-technology-osmanabad"
"Vishweshwarayya Institute Of Engineering And Technology, Almala, Tq. Ausa, Dist. Latur",130.0,11.09,60.0,100.0,2025,,60,https://www.careers360.com/colleges/vishweshwarayya-institute-of-engineering-and-technology-latur
"Aurangabad College of Engineering, Naygaon Savangi, Aurangabad",120.0,11.09,,100.0,2025,"TCS, Infosys, Wipro, Microsoft, Tech Mahindra",80,"https://www.collegesimplified.in/post/aurangabad-college-of-engineering-ace-naygaon-savangi-your-guide-to-mht-cet-2026-admissions, https://www.careers360.com/colleges/aurangabad-college-of-engineering-aurangabad?gallery=true"
"Marathwada Shikshan Prasarak Mandal's Shri Shivaji Institute of Engineering and Management Studies, Parbhani",10.0,,,,,,60,https://collegedunia.com/college/57634-shri-shivaji-institute-of-engineering-and-management-studies-ssiems-parbhani
"Vilasrao Deshmukh Foundation Group of Institutions, Latur",12.5,2.0,2.0,100.0,2025,"Infosys, Wipro, Accenture, Capgemini, Amazon, Microsoft, Google, HCL",80,"https://studyjankari.com/college/16374-vilasrao-deshmukh-foundation-group-of-institutions-school-of-engineering-technology-and-school-of-pharmacy/placement, https://admissionboosted.com/college/90978-vilasrao-deshmukh-foundation-group-of-institutions-latur/tags/admission-status"
GRAMIN TECHNICAL AND MANAGEMENT CAMPUS NANDED.,84.0,6.0,,85.0,2025,"TCS, Infosys, Wipro, Cognizant, Accenture, Capgemini, IBM, Amazon, Microsoft, Google, Tech Mahindra, L&T, HCL",80,"https://www.searchurcollege.com/blog/nicmar-university-pune-admission-eligibility-fees-cut-off-placement-ranking/, https://www.searchurcollege.com/blog/indira-college-of-engineering-and-management-pune-admission-eligibility-fees-ranking-recruiters-faqs/"
International Centre Of Excellence In Engineering and Management (ICEEM),10.0,10.0,,,2025,"TCS, Infosys, Wipro, Cognizant, Accenture, Capgemini, Amazon, Google, Tech Mahindra, L&T",80,"https://www.collegedekho.com/colleges/iceem-aurangabad, https://www.collegesimplified.in/post/guide-to-international-centre-of-excellence-in-engineering-and-management-iceem-aurangabad-mht-cet"
"STMEI's Sandipani Technical Campus-Faculty of Engineering, Latur.",130.0,60.0,,100.0,2025,"TCS, Infosys, Wipro, Cognizant, Accenture, Capgemini, IBM, Microsoft, Google, Oracle",80,"https://www.careers360.com/colleges/sandipani-technical-campus-faculty-of-engineering-and-polytechnic-latur/placement, https://collegedunia.com/college/28702-sandipani-technical-campus-faculty-of-engineering-stmei-latur/placement"
"CSMSS Chh. Shahu College of Engineering, Aurangabad",120.0,4.0,50.0,100.0,2025,"TCS, Infosys, Wipro, Cognizant, Accenture, Capgemini, Amazon, Microsoft, Google",80,"https://collegedunia.com/college/56961-chh-shahu-college-of-engineering-aurangabad, https://www.careers360.com/colleges/csmss-chh-shahu-college-of-engineering-aurangabad/placement"
"Eaglewood Polytechnic Institute, A.P Phulepimpalgaon",130.0,11.09,,100.0,2025,"TCS, IBM, Microsoft, Google",80,"https://www.careers360.com/colleges/eaglewood-polytechnic-institute-beed, https://list.polytechniccolleges.in/institutes/eaglewood-polytechnic-institute-1-44643207738/"
"Jijau Institute of Engineering Technology and Management, Khandgaon (Bendri), Taluka Naigaon, District Nanded",130.0,11.09,,100.0,2025,"TCS, Infosys, Wipro, Cognizant, Capgemini, IBM, Microsoft, Google, L&T, Reliance",80,"https://list.polytechniccolleges.in/institutes/jijau-institute-of-engineering-technology-and-management-1-44637283372/, https://www.collegesimplified.in/post/jijau-institute-of-engineering-technology-and-management-khandgaon-bendri-taluka-naigaon-distri"
Dr. V.K. Patil College of Engineering & Technology,130.0,11.09,60.0,100.0,2025,"TCS, IBM, Microsoft, Google",80,"https://www.chunocollege.com/college/dr-vk-patil-college-of-engineering-and-technology, https://www.careers360.com/colleges/dr-vk-patil-college-of-engineering-and-technology-osmanabad"
Mangaldeep College of Engineering,130.0,60.0,,100.0,2025,"TCS, Wipro, IBM, Microsoft, Google",80,"https://www.careers360.com/colleges/mangaldeep-college-of-engineering-aurangabad, https://www.collegesearch.in/colleges/mar-athanasius-college-of-engineering/placements"
Sant Eknath College of Engineering,130.0,68.0,50.0,100.0,2025,"TCS, Infosys, Wipro, Cognizant, Accenture, Capgemini, IBM, Amazon, Microsoft, Google, Tech Mahindra",80,"https://www.careers360.com/colleges/sant-eknath-college-of-engineering-aurangabad, https://www.careers360.com/colleges/shri-sant-gajanan-maharaj-college-of-engineering-shegaon/placement"
"Shetkari Shikshan Prasarak Mandal's Mahesh Institute of Engineering and Technology , Ashti",130.0,11.09,,100.0,2025,"TCS, IBM, Microsoft, Google",80,"https://www.sspmsmietashti.in/, https://www.careers360.com/colleges/shetkari-shikshan-prasarak-mandals-mahesh-institute-of-engineering-and-technology-ashti"
Amolak College of Engineering Kada,130.0,11.09,,100.0,2025,"TCS, Infosys, Wipro, Capgemini, IBM, Microsoft, Google, Tech Mahindra",80,"http://engineering.shriamolakjain.org/index.html, https://www.careers360.com/colleges/amolak-college-of-engineering-ashti"
JSPM College of Engineering,120.0,30.0,50.0,100.0,2025,"TCS, Infosys, Cognizant, Accenture, Capgemini, IBM, Amazon, Microsoft, Google, Tech Mahindra, L&T",80,"https://www.careers360.com/colleges/rajarshi-shahu-college-of-engineering-tathawade/placement, https://collegedunia.com/college/14714-jspms-rajarshi-shahu-college-of-engineering-rscoe-tathawade-pune/placement"
CDS College of Engineering,,,,100.0,2025,,30,"https://www.instagram.com/cdsengineering.in/?hl=en, https://www.instagram.com/reel/DJnnUe0S9A8/"
NKSPT INSTITUTE OF ENGINEERING AND TECHNOLOGY PATHIKAR CAMPUS,367.0,15.0,,,2025,"Amazon, Microsoft, Google",80,"https://nkspt.org/ioe/canteen/, https://www.scribd.com/document/903623342/66a5a5af-d876-49cb-a73f-04961b36155c"
"Veermata Jijabai Technological Institute(VJTI), Matunga, Mumbai",70.0,54.0,50.0,100.0,2025,"TCS, Infosys, Wipro, Accenture, IBM, Amazon, Microsoft, Google, L&T, Oracle",80,"https://manoeuvreedu.com/blog/227/vjti-mumbai-placements-highest-average-package, https://www.careers360.com/colleges/veermata-jijabai-technological-institute-mumbai/placement"
"Sardar Patel College of Engineering, Andheri",15.0,5.5,5.5,,2025,,95,"https://spce.ac.in/, https://www.collegedekho.com/colleges/sardar-patel-college-of-engineering"
Svkm's Shri Bhagubhai Mafatlal Polytechnic & College of Engineering,130.0,60.0,3.5,100.0,2025,"TCS, Infosys, IBM, Microsoft, Google, L&T, Reliance",80,"https://www.careers360.com/colleges/svkms-shri-bhagubhai-mafatlal-polytechnic-and-college-of-engineering-mumbai/placement, https://www.collegedekho.com/colleges/shri-bhagubhai-mafatlal-polytechnic-placement"
"Dr. Babasaheb Ambedkar Technological University, Lonere",120.0,4.2,50.0,100.0,2025,"TCS, Infosys, Wipro, Cognizant, Amazon, Microsoft, Google",80,"https://en.wikipedia.org/wiki/Dr._Babasaheb_Ambedkar_Technological_University, https://www.careers360.com/university/dr-babasaheb-ambedkar-technological-university-lonere/placement"
"Usha Mittal Institute of Technology SNDT Women's University, Mumbai",120.0,10.0,36.0,100.0,2025,"TCS, Infosys, Accenture, Capgemini, Amazon, Microsoft, Google, Oracle",95,"https://www.umit.ac.in/placements, https://www.careers360.com/colleges/usha-mittal-institute-of-technology-mumbai/placement"
"Institute of Chemical Technology, Matunga, Mumbai",120.0,9.0,50.0,100.0,2025,"Amazon, Microsoft, Google",80,"https://www.reddit.com/r/mht_cet/comments/1eob43p/ict_mumbai_campus_placement_stats/, https://www.careers360.com/university/institute-of-chemical-technology-mumbai/placement"
"Loknete Shamrao Peje Government College of Engineering, Ratnagiri",66.14,66.14,,,2025,,80,"https://collegedunia.com/college/63029-government-college-of-engineering-ratnagiri/placement, https://zollege.in/college/222391-government-college-of-engineering-ratnagiri/placement"
"Manjara Charitable Trust's Rajiv Gandhi Institute of Technology, Mumbai",27.07,14.0,14.0,,2025,"TCS, Infosys, Wipro, Cognizant, Accenture, Capgemini, Amazon, Microsoft, Google, Tech Mahindra, L&T, Reliance, HCL, Oracle",60,https://collegedunia.com/college/14734-rajiv-gandhi-institute-of-technology-rgit-mumbai/placement
"Vidyalankar Institute of Technology,Wadala, Mumbai",37.5,25.0,37.5,,,"TCS, Wipro, Accenture, Capgemini, Google, L&T, Oracle",80,"https://collegedunia.com/college/24599-vidyalankar-school-of-information-technology-vsit-mumbai/placement, https://www.youtube.com/watch?v=rtSpZM083DY"
"Thakur Shyamnarayan Engineering College, Mumbai",120.0,21.0,50.0,100.0,2025,"TCS, Infosys, Accenture, Capgemini, IBM, Amazon, Microsoft, Google, Tech Mahindra, L&T, Oracle",80,"https://www.careers360.com/colleges/thakur-college-of-engineering-and-technology-mumbai/placement, https://collegedunia.com/college/54796-thakur-college-of-engineering-and-technology-tcet-mumbai/placement"
"Jawahar Education Society's Annasaheb Chudaman Patil College of Engineering,Kharghar, Navi Mumbai",120.0,,,100.0,2025,"Amazon, Microsoft, Google",80,"https://www.collegedekho.com/colleges/jawahar-education-societys-a-c-patil-college-of-engineering, https://www.careers360.com/colleges/ac-patil-college-of-engineering-navi-mumbai"
"Saraswati Education Society, Yadavrao Tasgaonkar Institute of Engineering & Technology, Karjat",120.0,12.0,,100.0,2025,"TCS, Infosys, Wipro, Cognizant, Accenture, Capgemini, IBM, Microsoft, Google",80,"https://www.collegedekho.com/engineering/biomedical-engineering-colleges-in-maharashtra-listing-1711-2126-1751/, https://collegedunia.com/college/58340-yadavrao-tasgaonkar-college-of-engineering-and-management-ytcem-karjat/placement"
"Mahavir Education Trust's Shah & Anchor Kutchhi Engineering College, Mumbai",120.0,52.0,50.0,100.0,2025,"TCS, Cognizant, Accenture, Capgemini, Amazon, Microsoft, Google",80,"https://www.kollegeapply.com/college/mahavir-education-trusts-shah-and-anchor-kutchhi-engineering-college-sakec-mumbai-placement, https://www.careers360.com/colleges/shah-and-anchor-kutchhi-engineering-college-mumbai"
"Saraswati Education Society's Saraswati College of Engineering,Kharghar Navi Mumbai",12.0,12.0,,100.0,2024,"TCS, Infosys, Wipro, Capgemini, IBM, Reliance, Cisco",95,"https://engineering.saraswatikharghar.edu.in/placement-cell/, https://collegedunia.com/college/14941-saraswati-college-of-engineering-scoe-navi-mumbai/placement"
"M.G.M.'s College of Engineering and Technology, Kamothe, Navi Mumbai",7.0,7.0,,,2025,"TCS, Infosys, Wipro, Accenture, Capgemini, IBM, Tech Mahindra, L&T, Reliance, HCL, Oracle",80,"https://www.mgmccsitcoc.org/, https://www.reddit.com/r/JEE/comments/1kor2vd/my_experience_on_mgm_engineering_college_navi/"
"Thakur College of Engineering and Technology, Kandivali, Mumbai",21.0,7.65,,,2025,"Infosys, Accenture, Capgemini, Tech Mahindra, Oracle",80,"https://institute.careerguide.com/top-7-science-junior-colleges-in-mumbai/, https://www.campusoption.com/college/thakur-college-of-engineering-technology"
"Thadomal Shahani Engineering College, Bandra, Mumbai",120.0,24.13,50.0,100.0,2025,"TCS, Infosys, Cognizant, Accenture, Capgemini, IBM, Amazon, Microsoft, Google, Tech Mahindra, L&T, Oracle",80,"https://collegedunia.com/college/15452-thadomal-shahani-engineering-college-tsec-mumbai/placement, https://www.careers360.com/colleges/thadomal-shahani-engineering-college-mumbai/placement"
"Anjuman-I-Islam's M.H. Saboo Siddik College of Engineering, Byculla, Mumbai",120.0,11.09,,100.0,2025,"TCS, Infosys, Wipro, Capgemini, L&T",80,"https://www.collegesimplified.in/post/ultimate-guide-anjuman-i-islam-s-m-h-saboo-siddik-college-of-engineering-mhssce-byculla-admiss, https://www.careers360.com/colleges/mh-saboo-siddik-college-of-engineering-mumbai"
"Fr. Conceicao Rodrigues College of Engineering, Bandra,Mumbai",120.0,22.0,50.0,100.0,2025,"TCS, Infosys, Wipro, Accenture, Capgemini, IBM, Amazon, Microsoft, Google, L&T, Reliance, Oracle",80,"https://www.careers360.com/colleges/fr-conceicao-rodrigues-college-of-engineering-mumbai/placement, https://collegedunia.com/college/13471-fr-conceicao-rodrigues-college-of-engineering-crce-mumbai/placement"
"Vivekanand Education Society's Institute of Technology, Chembur, Mumbai",130.0,50.0,50.0,100.0,2025,"TCS, Infosys, Accenture, Capgemini, Amazon, Microsoft, Google",80,"https://en.wikipedia.org/wiki/Vivekanand_Education_Society's_Institute_of_Technology, https://www.careers360.com/colleges/vivekanand-education-societys-institute-of-technology-chembur/placement"
"N.Y.S.S.'s Datta Meghe College of Engineering, Airoli, Navi Mumbai",12.0,10.0,10.0,60.0,2025,"TCS, Infosys, Wipro, Cognizant, Accenture, Capgemini, Tech Mahindra, L&T",80,"https://college360.co.in/college/Datta-Meghe-College-of-Engineering-Airoli-Navi-Mumbai-2036, https://collegedunia.com/college/13313-datta-meghe-college-of-engineering-airoli-navi-mumbai/placement"
"Vasantdada Patil Pratishthan's College Of Engineering and Visual Arts, Sion, Mumbai",130.0,40.0,60.0,100.0,2025,"TCS, Infosys, Wipro, Cognizant, Accenture, Capgemini, IBM, Amazon, Microsoft, Google, Tech Mahindra, L&T, Reliance",80,"https://www.careers360.com/colleges/padmabhushan-vasantdada-patil-pratishthans-college-of-engineering-mumbai/placement, https://en.wikipedia.org/wiki/Vasantdada_Patil_Pratishthan's_College_of_Engineering"
"Bharati Vidyapeeth College of Engineering, Navi Mumbai",120.0,50.0,50.0,100.0,2025,"TCS, Infosys, Wipro, Cognizant, Capgemini, IBM, Amazon, Microsoft, Google, Tech Mahindra, L&T, Reliance",80,"https://collegedunia.com/college/13058-bharati-vidyapeeth-college-of-engineering-bvcoe-navi-mumbai-navi-mumbai/placement, https://www.careers360.com/colleges/bharati-vidyapeeth-college-of-engineering-navi-mumbai/placement"
"Terna Engineering College, Nerul, Navi Mumbai",22.0,20.0,,,2025,"TCS, Infosys, Wipro, Cognizant, Accenture, Capgemini, IBM, Tech Mahindra, L&T",95,"https://ternaengg.ac.in/placements-at-terna-engineering-college-companies-packages-placement-trends-2026/, https://collegedunia.com/college/15450-terna-engineering-college-navi-mumbai-mumbai/reviews"
"Smt. Indira Gandhi College of Engineering, Navi Mumbai",130.0,5.0,,100.0,2025,"TCS, Infosys, Capgemini, IBM, Microsoft, Google",80,"https://collegedunia.com/college/15165-smt-indira-gandhi-college-of-engineering-sigce-navi-mumbai/reviews, https://www.careers360.com/colleges/smt-indira-gandhi-college-of-engineering-navi-mumbai/reviews"
"Shivajirao S. Jondhale College of Engineering, Dombivali,Mumbai",120.0,23.0,50.0,100.0,2025,"TCS, Infosys, Wipro, Capgemini, IBM, Amazon, Microsoft, Google, L&T",80,"https://collegedunia.com/college/15037-shivajirao-s-jondhale-college-of-engineering-ssjce-thane/placement, https://www.careers360.com/colleges/shivajirao-s-jondhale-college-of-engineering-thane/placement"
"Vidyavardhini's College of Engineering and Technology, Vasai",8.0,3.6,,35.0,2025,"TCS, Infosys, Cognizant, Capgemini, IBM, Tech Mahindra, L&T",80,"https://en.wikipedia.org/wiki/Vidyavardhini_College_of_Engineering_and_Technology, https://www.targetadmission.com/colleges/3287-vidyavardhinis-college-of-engineering-and-technology-vasai"
"Lokmanya Tilak College of Engineering, Kopar Khairane, Navi Mumbai",33.2,10.0,,,2025,"TCS, Infosys, Cognizant, Accenture, Capgemini, IBM, Google, Tech Mahindra, L&T, Reliance",80,"https://en.wikipedia.org/wiki/Lokmanya_Tilak_College_of_Engineering, https://www.collegedekho.com/colleges/lokmanya-tilak-college-of-engineering"
"Agnel Charities' FR. C. Rodrigues Institute of Technology, Vashi, Navi Mumbai",120.0,20.0,50.0,100.0,2025,"TCS, Cognizant, Accenture, Amazon, Microsoft, Google, L&T, HCL",95,"https://www.careers360.com/colleges/fr-c-rodrigues-institute-of-technology-navi-mumbai/placement, https://fcrit.ac.in/"
"Konkan Gyanpeeth College of Engineering, Karjat",8.0,8.0,,80.0,2025,"TCS, Infosys, Wipro, Accenture, Amazon, HCL",80,"https://www.collegebatch.com/1721-konkan-gyanpeeth-college-of-engineering-placements-karjat, https://collegedunia.com/college/14027-konkan-gyanpeeth-college-of-engineering-kgce-karjat/placement"
"Shri Vile Parle Kelvani Mandal's Dwarkadas J. Sanghvi College of Engineering, Vile Parle,Mumbai",20.0,20.0,,,2025,"TCS, Infosys, IBM, Google",95,"https://www.djsce.ac.in/placements-hs, https://www.djsce.ac.in/"
"Hope Foundation and research center's Finolex Academy of Management and Technology, Ratnagiri",120.0,10.0,50.0,100.0,2025,"TCS, Infosys, Cognizant, Capgemini, IBM, Amazon, Microsoft, Google, L&T",80,"https://collegedunia.com/college/13465-finolex-academy-of-management-and-technology-famt-ratnagiri, https://www.careers360.com/colleges/finolex-academy-of-management-and-technology-ratnagiri"
"Rizvi Education Society's Rizvi College of Engineering, Bandra,Mumbai",58.0,12.0,,,2024,"TCS, Infosys, Wipro, Cognizant, Accenture, Capgemini, Amazon, Microsoft, Google, L&T, Oracle",80,"https://www.searchurcollege.com/blog/top-engineering-colleges-in-mumbai/, https://www.getmyuni.com/college/indian-business-school-ibs-mumbai/reviews"
Rajendra Mane College of Engineering & Technology Ambav Deorukh,7.0,6.0,,60.0,,,60,https://www.rmcet.com/
"Atharva College of Engineering,Malad(West),Mumbai",120.0,11.09,60.0,100.0,2025,"TCS, Infosys, Wipro, Cognizant, Accenture, Capgemini, Amazon, Google, Tech Mahindra, Oracle",80,"https://www.youtube.com/watch?v=NY0azprUk6E, https://www.careers360.com/colleges/atharva-college-of-engineering-malad/placement"
"St. Francis Institute of Technology,Borivali, Mumbai",20.0,5.48,1.2,,2025,"TCS, Infosys, Wipro, Cognizant, Accenture, Capgemini, IBM, Tech Mahindra, L&T, Reliance, Oracle",80,"https://www.campusoption.com/college/st-francis-institute-of-technology, https://www.getmyuni.com/college/st-francis-institute-of-technology-mumbai"
"S.S.P.M.'s College of Engineering, Kankavli",58.0,58.0,,100.0,2025,"TCS, Wipro",80,"https://www.collegesimplified.in/college-details/sspm-college-of-engineering-kankavli, https://www.collegedekho.com/colleges/sspm-college-of-engineering"
"Mahatma Education Society's Pillai College of Engineering, New Panvel",120.0,50.0,50.0,100.0,2025,"TCS, Infosys, Wipro, Cognizant, Accenture, Capgemini, Amazon, Microsoft, Google, Tech Mahindra, L&T, Reliance",80,"https://collegedunia.com/college/14562-pillai-college-of-engineering-mumbai/placement, https://www.careers360.com/colleges/pillai-college-of-engineering-new-panvel/placement"
"Don Bosco Institute of Technology, Mumbai",144.0,50.0,50.0,100.0,2025,"TCS, Infosys, Wipro, Cognizant, Capgemini, Amazon, Microsoft, Google, Tech Mahindra, L&T, Reliance, Oracle",80,"https://www.careers360.com/colleges/don-bosco-institute-of-technology-mumbai/placement, https://www.collegedekho.com/colleges/don-bosco-institute-of-technology-2-placement"
"Excelsior Education Society's K.C. College of Engineering and Management Studies and Research, Kopri, Thane (E)",120.0,50.0,,100.0,2025,"Amazon, Microsoft, Google",95,"https://www.kccemsr.edu.in/placements, https://www.careers360.com/colleges/excelsior-education-society-kc-college-of-engineering-thane"
"S.I.E.S. Graduate School of Technology, Nerul, Navi Mumbai",60.0,34.21,8.8,75.0,2025,"TCS, Infosys, Accenture, Capgemini, IBM, Amazon, Microsoft",80,"https://www.pagalguy.com/colleges/sies-college-of-management-studies-mumbai, https://iide.co/blog/bba-colleges-in-navi-mumbai/"
"Watumull Institute of Engineering & Technology, Ulhasnagar",130.0,11.09,,100.0,2025,"TCS, Wipro, Accenture, Capgemini, IBM, Microsoft, Google",80,"https://www.collegesimplified.in/college-details/watumull-institute-of-electronics-engineering-computer-technology-ulhasnagar, https://www.careers360.com/colleges/watumull-institute-of-engineering-and-technology-ulhasnagar/placement"
"Xavier Institute Of Engineering C/O Xavier Technical Institute,Mahim,Mumbai",130.0,12.0,60.0,100.0,2025,"TCS, Infosys, Wipro, Cognizant, Accenture, Capgemini, IBM, Tech Mahindra, L&T, Oracle",80,"https://collegedunia.com/college/15523-xavier-institute-of-engineering-xie-mumbai/placement, https://www.careers360.com/colleges/xavier-institute-of-engineering-mumbai/placement"
"Bhartiya Vidya Bhavan's Sardar Patel Institute of Technology , Andheri, Mumbai",120.0,61.55,52.0,100.0,2025,"TCS, Infosys, Wipro, Accenture, IBM, Amazon, Microsoft, Google, Cisco, Oracle",80,"https://en.wikipedia.org/wiki/Bharatiya_Vidya_Bhavans_Sardar_Patel_Institute_of_Technology, https://www.careers360.com/colleges/sardar-patel-institute-of-technology-mumbai/placement"
"Gharda Foundation's Gharda Institute of Technology,Khed, Ratnagiri",130.0,50.0,50.0,100.0,2025,"TCS, Infosys, Wipro, Cognizant, IBM, Amazon, Microsoft, Google, Tech Mahindra, HCL",80,"https://collegedunia.com/college/13552-gharda-institute-of-technologygit-ratnagiri/placement, https://www.careers360.com/colleges/gharda-institute-of-technology-ratnagiri/placement"
"Vighnaharata Trust's Shivajirao S. Jondhale College of Engineering & Technology, Shahapur, Asangaon, Dist Thane",8.0,8.0,,,2024,,60,https://www.jondhleengg.org/tnpplacements.aspx
"Aldel Education Trust's St. John College of Engineering & Management, Vevoor, Palghar",,,,100.0,2020,,30,"https://www.instagram.com/sjcem__official/?hl=en, https://www.facebook.com/aldel.sjcem/videos/your-successful-career-begins-at-st-john/198036188477900/"
Yadavrao Tasgaonkar College of Engineering & Management,87.0,26.0,,,2025,L&T,80,"https://llim.edu/guidance/grooming-activities/language-laboratory/, https://www.collegebrowser.com/allreviews"
"Vishnu Waman Thakur Charitable Trust's VIVA Institute of Technology, Virar",3.5,3.5,,,,,60,https://collegedunia.com/college/24622-viva-institute-of-technology-viot-thane
"Haji Jamaluddin Thim Trust's Theem College of Engineering, At. Villege Betegaon, Boisar",12.0,3.0,,,2025,,60,https://collegedunia.com/college/15472-theem-college-of-engineering-tcoe-palghar
"Mahatma Education Society's Pillai HOC College of Engineering & Technology, Tal. Khalapur. Dist. Raigad",12.8,12.8,,,2025,TCS,80,"https://firstranker.com/mumbai-university/mu-mumbai-university-last-10-years-2010-2020-question-papers/, https://firstranker.com/mca/mu-mca-last-10-years-2010-2020-question-paper/"
"Leela Education Society, G.V. Acharya Institute of Engineering and Technology, Shelu, Karjat",8.0,4.5,,,,"TCS, Infosys, Wipro",60,https://collegedunia.com/college/13518-gv-acharya-institute-of-engineering-and-technology-gvaiet-mumbai
"Vidya Prasarak Mandal's College of Engineering, Thane",6.0,6.0,,,2025,Reliance,80,"https://www.careers360.com/question-i-want-to-more-about-the-placement-data-of-this-college-that-vidya-prasak-mandal-college-of-engineering-thane, https://www.collegedekho.com/colleges/vidya-prasarak-mandals-art-commerce-science-college-placement"
