college_name,latitude,longitude,region
"Government College of Engineering, Amravati",20.939173,77.745286,Others
"Sant Gadge Baba Amravati University,Amravati",20.935159,77.752324,Others
"Government College of Engineering,Yavatmal",20.388021,78.130724,Others
"Shri Sant Gajanan Maharaj College of Engineering,Shegaon",19.934189,74.742323,Others
"Prof. Ram Meghe Institute of Technology & Research, Amravati",20.93565,77.760842,Others
"P. R. Pote Patil College of Engineering & Management, Amravati",20.940633,77.759641,Others
"Sipna Shikshan Prasarak Mandal College of Engineering & Technology, Amravati",20.927367,77.75641,Others
"Shri Shivaji Education Society's College of Engineering and Technology, Akola",19.310202,74.562908,Others
"Janata Shikshan Prasarak Mandal’s Babasaheb Naik College Of Engineering, Pusad",19.394044,74.987867,Others
ANURADHA COLLEGE OF ENGINEERING & TECHNOLOGY,19.375456,76.046647,Others
"Jawaharlal Darda Institute of Engineering and Technology, Yavatmal",20.387936,78.120671,Others
"Shri Hanuman Vyayam Prasarak Mandals College of Engineering & Technology, Amravati",20.929055,77.750972,Others
"Dr.Rajendra Gode Institute of Technology & Research, Amravati",20.940046,77.750478,Others
"Dwarka Bahu Uddeshiya Gramin Vikas Foundation, Rajarshi Shahu College of Engineering, Buldhana",20.54114,76.191796,Others
"Takshashila Institute of Engineering & Technology, Darapur, Amravati",20.928214,77.752821,Others
"Jagadambha Bahuuddeshiya Gramin Vikas Sanstha's Jagdambha College of Engineering and Technology, Yavatmal",20.380724,78.129318,Others
"Prof Ram Meghe College of Engineering and Management, Badnera",20.31576,75.630094,Others
"Vision Buldhana Educational & Welfare Society's Pankaj Laddhad Institute of Technology & Management Studies, Yelgaon",20.5354,76.192374,Others
"Sanmati Engineering College, Sawargaon Barde, Washim",20.116861,77.134485,Others
"Padmashri Dr. V.B. Kolte College of Engineering, Malkapur, Buldhana",20.521986,76.1894,Others
"Mauli Group of Institutions, College of Engineering and Technology, Shegaon.",19.199523,74.579717,Others
"Siddhivinayak Technical Campus, School of Engineering & Research Technology, Shirasgon, Nile",20.462052,75.356213,Others
"Manav School of Engineering & Technology, Gut No. 1035 Nagpur Surat Highway, NH No. 6 Tal.Vyala, Balapur, Akola, 444302",21.145518,79.078477,Others
"Government College of Engineering, Chhatrapati Sambhajinagar",20.040725,74.781926,Others
"PURANMAL LAHOTI GOVERNMENT INSTITUTE OF ENGINEERING AND TECHNOLOGY, LATUR",18.417627,76.561215,Others
"Shri Guru Gobind Singhji Institute of Engineering and Technology, Nanded",19.132555,77.316818,Others
"University Department of Chemical Technology, Aurangabad",19.866357,75.334428,Others
"Institute of Chemical Technology, Mumbai Marathwada off campus, Jalna",19.082013,72.874005,Mumbai
"Everest Education Society, Group of Institutions (Integrated Campus), Ohar",18.841789,75.728433,Others
"Shree Yash Pratishthan, Shreeyash College of Engineering and Technology, Aurangabad",19.87586,75.334995,Others
"G. S. Mandal's Maharashtra Institute of Technology, Aurangabad",19.880172,75.338707,Others
"Deogiri Institute of Engineering and Management Studies, Aurangabad",19.885962,75.349394,Others
"Matoshri Pratishan's Group of Institutions (Integrated Campus), Kupsarwadi , Nanded",19.143838,77.325956,Others
"Mahatma Gandhi Missions College of Engineering, Hingoli Rd, Nanded.",19.14462,77.314582,Others
"M.S. Bidve Engineering College, Latur",18.402095,76.564287,Others
"Terna Public Charitable Trust's College of Engineering, Osmanabad",18.176425,76.035564,Others
"Shree Tuljabhavani College of Engineering, Tuljapur",18.607115,74.940642,Others
"Mahatma Basaweshwar Education Society's College of Engineering, Ambejogai",20.334012,76.090776,Others
"Peoples Education Society's College of Engineering, Aurangabad",19.880145,75.335199,Others
"Hi-Tech Institute of Technology, Aurangabad",19.88173,75.344182,Others
"Aditya Engineering College , Beed",18.99221,75.750356,Others
"Nagnathappa Halge Engineering College, Parli, Beed",18.999958,75.760043,Others
"Matsyodari Shikshan Sansatha's College of Engineering and Technology, Jalna",19.839584,75.877501,Others
"Adarsh Shikshan Prasarak Mandal's K. T. Patil College of Engineering and Technology, Osmanabad",18.189146,76.043509,Others
"Vishweshwarayya Institute Of Engineering And Technology, Almala, Tq. Ausa, Dist. Latur",18.408835,76.558152,Others
"Aurangabad College of Engineering, Naygaon Savangi, Aurangabad",19.867036,75.336498,Others
"Marathwada Shikshan Prasarak Mandal's Shri Shivaji Institute of Engineering and Management Studies, Parbhani",19.26468,76.779051,Others
"Vilasrao Deshmukh Foundation Group of Institutions, Latur",18.398862,76.563755,Others
"Mitthulalji Sarada Institute Of Technology, Nalwandi Road, Beed",18.991347,75.746363,Others
GRAMIN TECHNICAL AND MANAGEMENT CAMPUS NANDED.,19.129767,77.31366,Others
International Centre Of Excellence In Engineering and Management (ICEEM),20.516917,74.987286,Others
"STMEI's Sandipani Technical Campus-Faculty of Engineering, Latur.",18.406004,76.569549,Others
"CSMSS Chh. Shahu College of Engineering, Aurangabad",19.873236,75.340155,Others
"Eaglewood Polytechnic Institute, A.P Phulepimpalgaon",18.774243,74.363951,Others
"Jijau Institute of Engineering Technology and Management, Khandgaon (Bendri), Taluka Naigaon, District Nanded",19.144261,77.322931,Others
Dr. V.K. Patil College of Engineering & Technology,19.701395,76.311945,Others
Mangaldeep College of Engineering,20.171236,76.253862,Others
Sant Eknath College of Engineering,19.229468,75.650955,Others
"Shetkari Shikshan Prasarak Mandal's Mahesh Institute of Engineering and Technology , Ashti",19.623426,74.565731,Others
Amolak College of Engineering Kada,18.648133,74.86199,Others
JSPM College of Engineering,19.390426,74.580262,Others
CDS College of Engineering,19.047239,75.030326,Others
NKSPT INSTITUTE OF ENGINEERING AND TECHNOLOGY PATHIKAR CAMPUS,19.460465,76.288927,Others
"Veermata Jijabai Technological Institute(VJTI), Matunga, Mumbai",19.068126,72.867774,Mumbai
"Sardar Patel College of Engineering, Andheri",19.01179,74.647998,Others
Svkm's Shri Bhagubhai Mafatlal Polytechnic & College of Engineering,19.350116,75.723981,Others
"Dr. Babasaheb Ambedkar Technological University, Lonere",18.168253,73.328197,Others
"Usha Mittal Institute of Technology SNDT Women's University, Mumbai",19.082586,72.881734,Mumbai
"Institute of Chemical Technology, Matunga, Mumbai",19.067398,72.873307,Mumbai
"Loknete Shamrao Peje Government College of Engineering, Ratnagiri",16.995248,73.304515,Others
"Manjara Charitable Trust's Rajiv Gandhi Institute of Technology, Mumbai",19.083624,72.876395,Mumbai
"Vidyalankar Institute of Technology,Wadala, Mumbai",19.083659,72.87442,Mumbai
"Thakur Shyamnarayan Engineering College, Mumbai",19.079018,72.885051,Mumbai
"Jawahar Education Society's Annasaheb Chudaman Patil College of Engineering,Kharghar, Navi Mumbai",19.066203,72.878952,Navi Mumbai
"Saraswati Education Society, Yadavrao Tasgaonkar Institute of Engineering & Technology, Karjat",18.908064,73.335642,Others
"Mahavir Education Trust's Shah & Anchor Kutchhi Engineering College, Mumbai",19.081163,72.880464,Mumbai
"Saraswati Education Society's Saraswati College of Engineering,Kharghar Navi Mumbai",19.067245,72.884368,Navi Mumbai
"M.G.M.'s College of Engineering and Technology, Kamothe, Navi Mumbai",19.07996,72.88057,Navi Mumbai
"Thakur College of Engineering and Technology, Kandivali, Mumbai",19.079143,72.877684,Mumbai
"Thadomal Shahani Engineering College, Bandra, Mumbai",19.067596,72.882127,Mumbai
"Anjuman-I-Islam's M.H. Saboo Siddik College of Engineering, Byculla, Mumbai",19.083382,72.875377,Mumbai
"Fr. Conceicao Rodrigues College of Engineering, Bandra,Mumbai",19.07117,72.881475,Mumbai
"Vivekanand Education Society's Institute of Technology, Chembur, Mumbai",19.079198,72.87206,Mumbai
"N.Y.S.S.'s Datta Meghe College of Engineering, Airoli, Navi Mumbai",19.076961,72.881921,Navi Mumbai
"Vasantdada Patil Pratishthan's College Of Engineering and Visual Arts, Sion, Mumbai",19.085447,72.875772,Mumbai
"Bharati Vidyapeeth College of Engineering, Navi Mumbai",19.083765,72.87037,Navi Mumbai
"Terna Engineering College, Nerul, Navi Mumbai",19.076592,72.876521,Navi Mumbai
"Smt. Indira Gandhi College of Engineering, Navi Mumbai",19.067686,72.86972,Navi Mumbai
"Shivajirao S. Jondhale College of Engineering, Dombivali,Mumbai",19.084962,72.874587,Mumbai
"Vidyavardhini's College of Engineering and Technology, Vasai",20.549069,75.890919,Others
"Lokmanya Tilak College of Engineering, Kopar Khairane, Navi Mumbai",19.073118,72.884519,Navi Mumbai
"Agnel Charities' FR. C. Rodrigues Institute of Technology, Vashi, Navi Mumbai",19.080947,72.88311,Navi Mumbai
"Konkan Gyanpeeth College of Engineering, Karjat",18.914476,73.33754,Others
"Shri Vile Parle Kelvani Mandal's Dwarkadas J. Sanghvi College of Engineering, Vile Parle,Mumbai",19.083168,72.886944,Mumbai
"Hope Foundation and research center's Finolex Academy of Management and Technology, Ratnagiri",16.990533,73.32192,Others
"Rizvi Education Society's Rizvi College of Engineering, Bandra,Mumbai",19.075596,72.881172,Mumbai
Rajendra Mane College of Engineering & Technology Ambav Deorukh,18.925136,74.376396,Others
"Atharva College of Engineering,Malad(West),Mumbai",19.076936,72.882499,Mumbai
"St. Francis Institute of Technology,Borivali, Mumbai",19.081671,72.87709,Mumbai
"S.S.P.M.'s College of Engineering, Kankavli",20.407108,76.20663,Others
"Mahatma Education Society's Pillai College of Engineering, New Panvel",18.905581,75.504888,Others
"Don Bosco Institute of Technology, Mumbai",19.071364,72.872858,Mumbai
"Excelsior Education Society's K.C. College of Engineering and Management Studies and Research, Kopri, Thane (E)",19.21602,72.981765,Others
"S.I.E.S. Graduate School of Technology, Nerul, Navi Mumbai",19.066216,72.884507,Navi Mumbai
"Watumull Institute of Engineering & Technology, Ulhasnagar",20.09777,76.123793,Others
"Xavier Institute Of Engineering C/O Xavier Technical Institute,Mahim,Mumbai",19.075501,72.881931,Mumbai
"Bhartiya Vidya Bhavan's Sardar Patel Institute of Technology , Andheri, Mumbai",19.0859,72.869266,Mumbai
"Gharda Foundation's Gharda Institute of Technology,Khed, Ratnagiri",16.980684,73.313621,Others
"Vighnaharata Trust's Shivajirao S. Jondhale College of Engineering & Technology, Shahapur, Asangaon, Dist Thane",19.213793,72.983881,Others
"Aldel Education Trust's St. John College of Engineering & Management, Vevoor, Palghar",19.68833,72.771896,Others
"Koti Vidya Charitable Trust's Smt. Alamuri Ratnamala Institute of Engineering and Technology, Sapgaon, Tal. Shahapur",20.298483,75.986694,Others
Yadavrao Tasgaonkar College of Engineering & Management,20.047562,74.809249,Others
"Vishnu Waman Thakur Charitable Trust's VIVA Institute of Technology, Virar",20.28543,76.091821,Others
"Haji Jamaluddin Thim Trust's Theem College of Engineering, At. Villege Betegaon, Boisar",19.718644,75.203618,Others
"Mahatma Education Society's Pillai HOC College of Engineering & Technology, Tal. Khalapur. Dist. Raigad",18.234108,73.445956,Others
"Leela Education Society, G.V. Acharya Institute of Engineering and Technology, Shelu, Karjat",18.91663,73.338384,Others
"Vidya Prasarak Mandal's College of Engineering, Thane",19.220804,72.985875,Others
Pravin Rohidas Patil College of Engineering & Technology,19.63645,75.349718,Others
"Bharat College of Engineering, Kanhor, Badlapur(W)",18.893938,74.738212,Others
"Dilkap Research Institute Of Engineering and Management Studies, At.Mamdapur, Post- Neral, Tal- Karjat, Mumbai",19.078394,72.87964,Mumbai
"Shree L.R. Tiwari College of Engineering, Mira Road, Mumbai",19.074728,72.875049,Mumbai
"B.R. Harne College of Engineering & Technology, Karav, Tal-Ambernath.",19.128909,74.828999,Others
"Anjuman-I-Islam's Kalsekar Technical Campus, Panvel",19.717966,74.440501,Others
"Metropolitan Institute of Technology & Management, Sukhalwad, Sindhudurg.",16.096681,73.664975,Others
"Vishwatmak Jangli Maharaj Ashram Trust (Kokamthan), Atma Malik Institute Of Technology & Research",19.549178,75.996555,Others
"G.M.Vedak Institute of Technology, Tala, Raigad.",18.245911,73.45423,Others
"VPM's Maharshi Parshuram College of Engineering, Velneshwar, Ratnagiri.",16.998882,73.319018,Others
"Ideal Institute of Technology, Wada, Dist.Thane",19.2147,72.982493,Others
"Vishwaniketan's Institute of Management Entrepreneurship and Engineering Technology(i MEET), Khalapur Dist Raigad",18.226368,73.446306,Others
YASHWANTRAO BHONSALE INSTITUTE OF TECHNOLOGY,19.785189,74.594167,Others
"New Horizon Institute of Technology & Management, Thane",19.209212,72.975233,Others
"A. P. Shah Institute of Technology, Thane",19.227542,72.972258,Others
"Chhartrapati Shivaji Maharaj Institute of Technology, Shedung, Panvel",20.356783,75.360093,Others
"Indala College Of Engineering, Bapsai Tal.Kalyan",18.921317,74.391571,Others
Devi Mahalaxmi College of Engineering and Technology,19.592763,76.188725,Others
Navjeevan Education Society's College of Engineering,20.193896,75.695252,Others
Thakur Shree DPS College of Engineering & Management,20.258152,76.00706,Others
"MAEER's Maharashtra Institute of Technology, Thane",19.227004,72.976609,Others
Imperial College of Engineering,20.066668,75.109556,Others
"Government College of Engineering, Chandrapur",19.961498,79.3018,Others
"Government College of Engineering, Nagpur",21.144045,79.087515,Others
"Kavi Kulguru Institute of Technology & Science, Ramtek",20.325304,75.188588,Others
"Ankush Shikshan Sanstha's G.H.Raisoni College of Engineering, Nagpur",21.138646,79.081353,Others
"Bapurao Deshmukh College of Engineering, Sevagram",20.333709,74.96236,Others
"Lokmanya Tilak Jankalyan Shikshan Sanstha, Priyadarshani College of Engineering, Nagpur",21.138654,79.095969,Others
"Sanmarg Shikshan Sanstha's Smt. Radhikatai Pandav College of Engineering, Nagpur",21.138638,79.085688,Others
"Guru Nanak Institute of Engineering & Technology,Kalmeshwar, Nagpur",21.146529,79.084478,Others
"Amar Seva Mandal's Shree Govindrao Vanjari College of Engineering & Technology, Nagpur",21.142422,79.086706,Others
"Sir Shantilal Badjate Charitable Trust's S. B. Jain Institute of technology, Management & Research, Nagpur",21.140699,79.08011,Others
"Jaidev Education Society, J D College of Engineering and Management, Nagpur",21.154619,79.096981,Others
"Samridhi Sarwajanik Charitable Trust, Jhulelal Institute of Technology, Nagpur",21.13622,79.079144,Others
"G H Raisoni College of Engineering & Management, Nagpur",21.137724,79.089681,Others
"Sanmarg Shikshan Sanstha, Mandukarrao Pandav College of Engineering, Bhandara",21.174127,79.64754,Others
"Shri. Sai Shikshan Sanstha, Nagpur Institute of Technology, Nagpur",21.153134,79.082137,Others
"Wainganga College of Engineering and Management, Dongargaon, Nagpur",21.139086,79.083144,Others
"K.D.K. College of Engineering, Nagpur",21.152842,79.07942,Others
"Tulsiramji Gaikwad Patil College of Engineering & Technology, Nagpur",21.153517,79.093751,Others
Rajiv Gandhi College of Engineering Research & Technology Chandrapur,19.951629,79.29395,Others
"Yeshwantrao Chavan College of Engineering,Wanadongri, Nagpur",21.143669,79.090532,Others
"Anjuman College of Engineering & Technology, Nagpur",21.144016,79.086689,Others
"ST. Vincent Pallotti College of Engineering & Technology, Nagpur",21.145534,79.088087,Others
"JMSS Shri Shankarprasad Agnihotri College of Engineering, Wardha",20.743288,78.602591,Others
"Priyadarshini Bhagwati College of Engineering, Harpur Nagar, Umred Road,Nagpur",21.149906,79.091876,Others
"Swaminarayan Siddhanta Institute Of Technology, Nagpur",21.147829,79.079284,Others
"Krushi Jivan Vikas Pratishthan, Ballarpur Institute of Technology, Mouza Bamni",20.379424,74.801298,Others
"M.D. Yergude Memorial Shikshan Prasarak Mandal's Shri Sai College of Engineering & Technology, Bhadrawati",19.304076,74.800598,Others
"Maitraya Education Society, Nagarjuna Institute of Engineering Technology & Management, Nagpur",21.146827,79.087455,Others
"K.D.M. Education Society, Vidharbha Institute of Technology,Umred Road ,Nagpur",21.150938,79.090639,Others
"Gurunanak Educational Society's Gurunanak Institute of Technology, Nagpur",21.154465,79.097617,Others
"Jai Mahakali Shikshan Sanstha, Agnihotri College of Engineering, Sindhi(Meghe)",20.359254,74.876931,Others
"Gondia Education Society's Manoharbhai Patel Institute Of Engineering & Technology, Shahapur, Bhandara",21.175466,79.637793,Others
"Cummins College of Engineering For Women, Sukhali (Gupchup), Tal. Hingna Hingna Nagpur",21.137681,79.085822,Others
"Suryodaya College of Engineering & Technology, Nagpur",21.149199,79.079666,Others
"R.V. Parankar College of Engineering & Technology, Arvi, Dist Wardha",20.736426,78.603472,Others
"Bajaj Institute of Technology, Wardha",20.738036,78.612024,Others
"Karanjekar College of Engineering & Management, Sakoli",18.95588,75.439383,Others
"Somayya Institute of Technology, Chandrapur",19.961105,79.293759,Others
"University Institute of Chemical Technology, North Maharashtra University, Jalgaon",21.01564,75.566645,Others
"Government College of Engineering, Jalgaon",21.01035,75.564815,Others
"Shri Shivaji Vidya Prasarak Sanstha's Late Bapusaheb Shivaji Rao Deore College of Engineering,Dhule",20.910109,74.776504,Others
"Shramsadhana Bombay Trust, College of Engineering & Technology, Jalgaon",21.010562,75.562147,Others
"Khandesh College Education Society's College Of Engineering And Management, Jalgaon",20.999184,75.555613,Others
"Maratha Vidya Prasarak Samaj's Karmaveer Adv. Baburao Ganpatrao Thakare College Of Engineering, Nashik",19.997909,73.78161,Others
"Sandip Foundation, Sandip Institute of Technology and Research Centre, Mahiravani, Nashik",20.004971,73.794368,Others
"K. K. Wagh Institute of Engineering Education and Research, Nashik",20.015492,73.793083,Others
"Jagadamba Education Soc. Nashik's S.N.D. College of Engineering & Reserch, Babulgaon",19.998828,73.782051,Others
"Pravara Rural Education Society's Sir Visvesvaraya Institute of Technology, Chincholi Dist. Nashik",19.997402,73.791205,Others
"Brahma Valley College of Engineering & Research, Trimbakeshwar, Nashik",20.000118,73.78062,Others
"Pravara Rural College of Engineering, Loni, Pravaranagar, Ahmednagar.",19.091654,74.743305,Others
"MET Bhujbal Knowledge City MET League's Engineering College, Adgaon, Nashik.",20.008402,73.781959,Others
"G H Raisoni College of Engineering and Management, Jalgaon",21.009032,75.553923,Others
"Sanjivani Rural Education Society's Sanjivani College of Engineering, Kopargaon",19.655603,75.226098,Others
"Dr. Vithalrao Vikhe Patil College of Engineering, Ahmednagar",19.086499,74.739219,Others
"Amrutvahini Sheti & Shikshan Vikas Sanstha's Amrutvahini College of Engineering, Sangamner",19.047911,75.301495,Others
"P.S.G.V.P. Mandal's D.N. Patel College of Engineering, Shahada, Dist. Nandurbar",21.370469,74.248924,Others
"T.M.E. Society's J.T.Mahajan College of Engineering, Faizpur",18.765741,75.704275,Others
"Nagaon Education Society's Gangamai College of Engineering, Nagaon, Tal Dist Dhule",20.909868,74.780017,Others
"Hindi Seva Mandal's Shri Sant Gadgebaba College of Engineering & Technology, Bhusawal",20.424518,75.070279,Others
"Godavari Foundation's Godavari College Of Engineering, Jalgaon",21.005891,75.558109,Others
"R. C. Patel Institute of Technology, Shirpur",20.351472,75.737428,Others
"SNJB's Late Sau. Kantabai Bhavarlalji Jain College of Engineering, (Jain Gurukul), Neminagar,Chandwad,(Nashik)",20.007099,73.78891,Others
"Matoshri College of Engineering and Research Centre, Eklahare, Nashik",20.00525,73.799351,Others
"Vishwabharati Academy's College of Engineering, Ahmednagar",19.103473,74.757545,Others
"Gokhale Education Society's, R.H. Sapat College of Engineering, Management Studies and Research, Nashik",19.998719,73.781873,Others
"Kalyani Charitable Trust, Late Gambhirrao Natuba Sapkal College of Engineering, Anjaneri, Trimbakeshwar Road, Nashik",20.014879,73.797893,Others
"Amruta Vaishnavi Education & Welfare Trust's Shatabdi Institute of Engineering & Research, Agaskhind Tal. Sinnar",20.219127,74.924684,Others
"SMT. SHARCHCHANDRIKA SURESH PATIL INSTITUTE OF TECHNOLOGY (ENGINEERING & POLYTECHNIC), CHOPDA",20.384947,75.024527,Others
JAMIA INSTITUTE OF TECHNOLOGY,18.618708,75.895797,Others
"MET's Institute of Technology Polytechnic, Bhujbal Knowledge City, Adgaon Nashik",20.004561,73.792352,Others
"Trimurti Shikshan Prasarak Mandal, Trimurti Institute Of Technology, Paladhi Bk, Jalgaon",21.000114,75.563517,Others
"Matoshri Education Soceity, Matoshri Institute Of Technology, Dhanore, Nashik",20.014451,73.796107,Others
"Hon. Shri. Babanrao Pachpute Vichardhara Trust, Group of Institutions (Integrated Campus)-Parikrama, Kashti Shrigondha,",19.075657,74.568528,Others
"PUNE VIDYARTHI GRIHA’S COLLEGE OF ENGINEERING & SHRIKRUSHNA S. DHAMANKAR INSTITUTE OF MANAGEMENT, NASHIK",18.513609,73.855498,Pune
"Sandip Foundation's, Sandip Institute of Engineering & Management, Nashik",20.011106,73.784735,Others
"Vardhaman Education & Welfare Society, Ahinsa Institute of Technology, Post. Dondaicha, Dhule",20.894991,74.767272,Others
"Kedareshwar Gramin Vikas Pratishthan, Samajbhushan Eknathrao Dhakane College, of Engineering, Shevgaon",19.416466,75.0551,Others
"Adsul's Technical Campus, Chas Dist. Ahmednagar",19.098977,74.753493,Others
"Shri. Jaykumar Rawal Institute of Technology, Dondaicha.",20.500985,75.228929,Others
"Ahmednagar Jilha Maratha Vidya Prasarak Samajache, Shri. Chhatrapati Shivaji Maharaj College of Engineering, Nepti",19.103087,74.757424,Others
"K.V.N. Naik S. P. Sansth's Loknete Gopinathji Munde Institute of Engineering Education & Research, Nashik.",20.005966,73.797695,Others
Ashok Institute of Engineering & Technology,19.982158,75.384874,Others
"College of Engineering and Technology ,North Maharashtra Knowledge City, Jalgaon",20.998286,75.563099,Others
"Sanghavi College of Engineering, Varvandi, Nashik.",20.009123,73.795208,Others
"Jawahar Education Society's Institute of Technology, Management & Research, Nashik.",20.00395,73.796,Others
"Vidya Niketan College of Engineering, Bota Sangamner",19.080896,75.231117,Others
"Rajiv Gandhi College of Engineering, At Post Karjule Hariya Tal.Parner, Dist.Ahmednagar",19.104764,74.749931,Others
"Maulana Mukhtar Ahmad Nadvi Technical Campus, Malegaon.",20.258983,75.345916,Others
"Nikam Institute of Technology(Polytechnic),Dhule",20.900277,74.772764,Others
"Guru Gobind Singh College of Engineering & Research Centre, Nashik.",20.010042,73.790166,Others
"R.C. Patel College of Engineering and Polytechnic, Shirpur",19.512118,74.661483,Others
"P.G. College of Engineering & Technology, Nandurbar",21.363653,74.23958,Others
"Shri Swami Samarth Institute of Management and Technology, Malwadi-Bota",20.577889,75.772108,Others
"MKD Institute of Technology, Nadurbar",19.205561,75.585549,Others
"Shri Vile Parle Kelavani Mandal's College of Engineering, Shirpur",19.244476,75.246505,Others
VAMANRAO ITHAPE COLLEGE OF ENGINEERING AND MANAGEMENT,18.778304,74.789805,Others
"Government College of Engineering & Research, Avasari Khurd",20.56606,75.333471,Others
"Government College of Engineering, Karad",19.586315,76.129132,Others
"Walchand College of Engineering, Sangli",16.842521,74.578274,Others
"Department of Technology, Shivaji University, Kolhapur",16.701391,74.24807,Others
"Government College of Engineering, Kolhapur",16.71074,74.235406,Others
"TSSMS's Pd. Vasantdada Patil Institute of Technology, Bavdhan, Pune",18.515241,73.859319,Pune
"Genba Sopanrao Moze Trust Parvatibai Genba Moze College of Engineering,Wagholi, Pune",18.51838,73.851888,Pune
"Progressive Education Society's Modern College of Engineering, Pune",18.528708,73.859905,Pune
"Jaywant Shikshan Prasarak Mandal's,Rajarshi Shahu College of Engineering, Tathawade, Pune",18.519493,73.862285,Pune
"Genba Sopanrao Moze College of Engineering, Baner-Balewadi, Pune",18.522135,73.847825,Pune
"JSPM'S Jaywantrao Sawant College of Engineering,Pune",18.523947,73.855197,Pune
"MIT Academy of Engineering,Alandi, Pune",18.520736,73.863481,Pune
"Siddhant College of Engineering, A/p Sudumbare, Tal.Maval, Dist-Pune",18.52034,73.866607,Pune
"G.H.Raisoni College of Engineering & Management, Wagholi, Pune",18.518847,73.85111,Pune
"Marathwada Mitra Mandal's College of Engineering, Karvenagar, Pune",18.521958,73.8613,Pune
"Pimpri Chinchwad Education Trust, Pimpri Chinchwad College of Engineering, Pune",18.518191,73.864723,Pune
"Sinhgad College of Engineering, Vadgaon (BK), Pune",18.515275,73.852399,Pune
"Sinhgad Technical Education Society's Smt. Kashibai Navale College of Engineering,Vadgaon,Pune",18.527649,73.852465,Pune
"Indira College of Engineering & Management, Pune",18.520597,73.864974,Pune
"Sinhgad Technical Education Society, Sinhgad Institute of Technology and Science, Narhe (Ambegaon)",20.359714,74.763616,Others
"Al-Ameen Educational and Medical Foundation, College of Engineering, Koregaon, Bhima",19.355396,76.220652,Others
"K. J.'s Educational Institut Trinity College of Engineering and Research, Pisoli, Haveli",19.474144,75.613886,Others
Sinhgad Institute of Technology,19.037192,74.592123,Others
"Sinhgad Academy of Engineering, Kondhwa (BK) Kondhwa-Saswad Road, Pune",18.526508,73.862538,Pune
"Marathwada Mitra Mandal's Institute of Technology, Lohgaon, Pune",18.524325,73.848967,Pune
"Pune District Education Association's College of Engineering, Manjari(Bk), Hadapsar, Pune",18.523178,73.848009,Pune
"Dr. D. Y. Patil Unitech Society's Dr. D. Y. Patil Institute of Technology, Pimpri, Pune",18.513443,73.857085,Pune
"K. E. Society's Rajarambapu Institute of Technology, Walwa, Sangli",16.843597,74.580902,Others
"Shri. Balasaheb Mane Shikshan Prasarak Mandal's, Ashokrao Mane Group of Institutions",19.879216,75.14115,Others
"KSGBS's Bharat- Ratna Indira Gandhi College of Engineering, Kegaon, Solapur",17.652316,75.9016,Others
"SVERI's College of Engineering, Pandharpur",19.183908,74.78956,Others
"Dattajirao Kadam Technical Education Society's Textile & Engineering Institute, Ichalkaranji.",20.312615,76.028704,Others
"Pradnya Niketan Education Society's Nagesh Karajagi Orchid College of Engineering & Technology, Solapur",17.665086,75.904191,Others
"D.Y. Patil College of Engineering and Technology, Kolhapur",16.697057,74.251659,Others
"Walchand Institute of Technology, Solapur",17.657218,75.911125,Others
"Kolhapur Institute of Technology's College of Engineering(Autonomous), Kolhapur",16.713228,74.241715,Others
"Tatyasaheb Kore Institute of Engineering and Technology, Warananagar",20.280441,76.130855,Others
"Shetkari Shikshan Mandal's Pad. Vasantraodada Patil Institute of Technology, Budhgaon, Sangli",16.850335,74.581326,Others
"Rayat Shikshan Sanstha's Karmaveer Bhaurao Patil College of Engineering, Satara",17.696872,73.983969,Others
Pune Institute of Computer Technology,18.526636,73.858834,Pune
"Dr. D. Y. Patil Pratishthan's D.Y.Patil College of Engineering Akurdi, Pune",18.516579,73.865988,Pune
"Bansilal Ramnath Agarawal Charitable Trust's Vishwakarma Institute of Technology, Bibwewadi, Pune",18.514517,73.858557,Pune
"PVG's College of Engineering, Technology & Management",20.514345,76.144728,Others
"Shivnagar Vidya Prasarak Mandal's College of Engineering, Malegaon-Baramati",18.926743,74.932744,Others
"MKSSS's Cummins College of Engineering for Women, Karvenagar,Pune",18.511588,73.851972,Pune
"Dr. J. J. Magdum Charitable Trust's Dr. J.J. Magdum College of Engineering, Jaysingpur",19.436764,74.659252,Others
"All India Shri Shivaji Memorial Society's College of Engineering, Pune",18.513791,73.851534,Pune
"Modern Education Society's Wadia College of Engineering, Pune",18.52749,73.854107,Pune
"All India Shri Shivaji Memorial Society's Institute of Information Technology,Pune",18.515286,73.848101,Pune
"Annasaheb Dange College of Engineering and Technology, Ashta, Sangli",16.849014,74.573422,Others
"Vidya Pratishthan's Kamalnayan Bajaj Institute of Engineering & Technology, Baramati Dist.Pune",18.520496,73.849016,Pune
"Bharati Vidyapeeth's College of Engineering for Women, Katraj, Dhankawadi, Pune",18.514515,73.859779,Pune
"Bharati Vidyapeeth's College of Engineering, Kolhapur",16.709868,74.249204,Others
"Kai Amdar Bramhadevdada Mane Shikshan & Samajik Prathistan's Bramhadevdada Mane Institute of Technology, Solapur",17.654856,75.913583,Others
"Zeal Education Society's Zeal College of Engineering & Reserch, Narhe, Pune",18.51531,73.865947,Pune
"Dr. Ashok Gujar Technical Institute's Dr. Daulatrao Aher College of Engineering, Karad",20.131185,75.106353,Others
"Loknete Hanumantrao Charitable Trust's Adarsh Institute of Technology and Research Centre, Vita,Sangli",16.846961,74.576564,Others
"Late Narayandas Bhawandas Chhabada Institute of Engineering & Technology, Satara",17.688662,73.983994,Others
"Dhole Patil Education Society, Dhole Patil College of Engineering, Wagholi, Tal. Haveli",20.208495,75.312953,Others
"Shanti Education Society, A.G. Patil Institute of Technology, Soregaon, Solapur(North)",17.664207,75.911899,Others
"Nutan Maharashtra Vidya Prasarak Mandal, Nutan Maharashtra Institute of Engineering &Technology, Talegaon station, Pune",18.528438,73.862863,Pune
"Jayawant Shikshan Prasarak Mandal, Bhivarabai Sawant Institute of Technology & Research, Wagholi",19.057035,75.828381,Others
"Jaywant College of Engineering & Polytechnic , Kille Macchindragad Tal. Walva District- Sangali",19.011706,75.877386,Others
Sanjeevan Group of Institutions,19.709723,75.104604,Others
"Sharad Institute of Technology College of Engineering, Yadrav(Ichalkaranji)",20.173808,75.618506,Others
"Shahajirao Patil Vikas Pratishthan, S.B.Patil College of Engineering, Vangali, Tal. Indapur",18.684178,75.755223,Others
"K.J.'s Educational Institute's K.J.College of Engineering & Management Research, Pisoli",19.39574,75.537357,Others
"Vidya Vikas Pratishthan Institute of Engineering and Technology, Solapur",17.667205,75.914054,Others
"Shree Gajanan Maharaj Shikshan Prasarak Manda'l Sharadchandra Pawar College of Engineering, Dumbarwadi",19.075269,74.371459,Others
Rajgad Technical Campus,20.353234,75.587825,Others
"Alard Charitable Trust's Alard College of Engineering and Management, Pune",18.51816,73.866229,Pune
Karmayogi Institute of Technology,19.884648,74.342121,Others
"NEW INSTITUTE OF TECHNOLOGY,KOLHAPUR",16.700827,74.245441,Others
"Shriram Institute Of Engineering & Technology, (Poly), Paniv",18.904723,75.290427,Others
"Shree Santkrupa Shikshan Sanstha, Shree Santkrupa Institute Of Engineering & Technology, Karad",20.473346,74.706262,Others
"Swami Vivekanand Institute Of Technology, Solapur",17.653733,75.902123,Others
"Swami Vivekananda Shikshan Sanstha, Dr. Bapuji Salunkhe Institute Of Engineering & Technology,Kolhapur",16.703869,74.251503,Others
"Samarth Education Trust's Arvind Gavali College Of Engineering Panwalewadi, Varye,Satara.",17.695093,73.989974,Others
"Jaihind College Of Engineering,Kuran",18.649486,75.222773,Others
ISBM College Of Engineering Pune,18.520213,73.854764,Pune
"Universal College of Engineering & Research, Sasewadi",18.886473,75.88119,Others
"Dattakala Group Of Institutions, Swami - Chincholi Tal. Daund Dist. Pune",18.513364,73.848983,Pune
Navsahyadri Education Society's Group of Institutions,20.298465,76.188475,Others
"KJEI's Trinity Academy of Engineering, Yewalewadi, Pune",18.51726,73.865942,Pune
Samarth College of Engineering and Management,18.786028,75.521284,Others
"N. B. Navale Sinhgad College of Engineering, Kegaon, solapur",17.659352,75.906124,Others
"S K N Sinhgad College of Engineering, Korti Tal. Pandharpur Dist Solapur",17.65897,75.908445,Others
"Shri. Ambabai Talim Sanstha's Sanjay Bhokare Group of Institutes, Miraj",19.304779,76.014349,Others
"TSSM's Bhivarabai Sawant College of Engineering and Research, Narhe, Pune",18.511603,73.864343,Pune
"APPASAHEB ALIAS SA.RE.PATIL INSTITUTE OF TECHNOLOGY, Dattanagar Tal-Shirol, Dist Kolhapur",16.70833,74.241719,Others
Babasaheb Phadtare Engineering & Technology Kalamb-Walchandnagar Tal Indapur Dist Pune,18.526447,73.858263,Pune
"Ajeenkya DY Patil School of Engineering, Lohegaon, Pune",18.518427,73.847973,Pune
"International Institute of Information Technology (I²IT), Pune.",18.515589,73.857123,Pune
"JSPM Narhe Technical Campus, Pune.",18.518277,73.849432,Pune
"Fabtech Technical Campus College of Engineering and Research, Sangola",19.779153,75.27438,Others
"Yashoda Technical Campus, Wadhe, Satara.",17.682321,74.000451,Others
"Sahyadri Valley College of Engineering & Technology, Rajuri, Pune.",18.521393,73.854611,Pune
"Shree Ramchandra College of Engineering, Lonikand,Pune",18.519291,73.861512,Pune
"Nanasaheb Mahadik College of Engineering,Walwa, Sangli.",16.852031,74.575747,Others
Phaltan Education Society's College of Engineering Thakurki Tal- Phaltan Dist-Satara,17.686808,73.98392,Others
"Suman Ramesh Tulsiani Technical Campus: Faculty of Engineering, Kamshet,Pune.",18.527975,73.857011,Pune
"P.K. Technical Campus, Pune.",18.517459,73.847905,Pune
"Rasiklal M. Dhariwal Sinhgad Technical Institutes Campus, Warje, Pune.",18.51873,73.853132,Pune
"SKN Sinhgad Institute of Technology & Science, Kusgaon(BK),Pune.",18.526768,73.846766,Pune
"Flora Institute of Technology, Khopi, Near Khed Shivapur Toll Plaza, Pune",18.516976,73.859284,Pune
"NBN Sinhgad Technical Institutes Campus, Pune",18.523432,73.851791,Pune
"D.Y.Patil Education Society's,D.Y.Patil Technical Campus, Faculty of Engineering & Faculty of Management,Talsande,Kolhapur.",16.69812,74.238903,Others
"Bhagwant Institute of Technology, Barshi",19.581736,75.992597,Others
"Sahakar Maharshee Shankarrao Mohite Patil Institute of Technology & Research, Akluj",20.243752,74.625859,Others
"Anantrao Pawar College of Engineering & Research, Pune",18.522278,73.866594,Pune
"Shri.Someshwar Shikshan Prasarak Mandal, Sharadchandra Pawar College of Engineering & Technology, Someshwar Nagar",19.962138,75.122251,Others
"Bharati Vidyapeeth's College of Engineering,Lavale, Pune",18.515866,73.861016,Pune
"Dnyanshree Institute Engineering and Technology, Satara",17.681555,73.983103,Others
"Shivganga Charitable Trust, Sangli Vishveshwarya Technical Campus, Faculty of Diploma Engineering, Patgaon, Miraj",16.84895,74.587064,Others
"Sant Gajanan Maharaj College of Engineering, Gadhinglaj",18.646763,74.814143,Others
"Keystone School of Engineering, Pune",18.516724,73.851068,Pune
Sanjay Ghodawat Institute,19.56049,75.531068,Others
"Vidya Prasarini Sabha's College of Engineering & Technology, Lonavala",19.95015,75.547608,Others
"Pimpri Chinchwad Education Trust's Pimpri Chinchwad College Of Engineering And Research, Ravet",18.647496,75.471527,Others
"Dr.D.Y.Patil College Of Engineering & Innovation,Talegaon",19.98862,75.396067,Others
"Dr. D Y Patil Pratishthan's College of Engineering, Kolhapur",16.714657,74.245986,Others
"Dr. A. D. Shinde College Of Engineering, Tal.Gadhinglaj, Kolhapur",16.710664,74.241202,Others
"MAEER's MIT College of Railway Engineering and Research, Jamgaon, Barshi",20.303911,76.192718,Others
Shree Siddheshwar Women's College Of Engineering Solapur.,17.668591,75.914753,Others
"Dr. D.Y. Patil Technical Campus, Varale, Talegaon, Pune",18.527043,73.852439,Pune
"Laxminarayan Innovation Technological University, Nagpur",21.137941,79.090678,Others
COEP Technological University,20.249149,75.619077,Others
"Shri. Anandrao Abitkar College of Engineering, Pal",19.345924,74.652689,Others
"Vidya Niketan Institute of Engineering & Technology, Lakhewadi",19.036822,76.180214,Others
"Yashoda Mahadeo Kakade College of Engineering, Talegaon",20.033673,75.620921,Others
DNYANVILAS COLLEGE OF ENGINEERING,19.098158,75.346678,Others
Audyogik Shikshan Mandal's Nextgen Technical Campus,19.97773,75.904239,Others
MES MUKUNDDAS LOHIA COLLEGE OF ENGINEERING,19.425205,76.289328,Others
